{ "translations": {
    "Afghanistan" : "Afganistán",
    "Åland Islands" : "Islles Åland",
    "Albania" : "Albania",
    "Algeria" : "Arxelia",
    "American Samoa" : "Samoa Americana",
    "Andorra" : "Andorra",
    "Angola" : "Angola",
    "Anguilla" : "Anguila",
    "Antarctica" : "L'Antártida",
    "Antigua and Barbuda" : "Antigua y Barbuda",
    "Argentina" : "Arxentina",
    "Armenia" : "Armenia",
    "Aruba" : "Aruba",
    "Australia" : "Australia",
    "Austria" : "Austria",
    "Azerbaijan" : "Azerbaixán",
    "Bahamas" : "Les Baḥames",
    "Bahrain" : "Baḥréin",
    "Bangladesh" : "Bangladex",
    "Barbados" : "Barbados",
    "Belarus" : "Bielorrusia",
    "Belgium" : "Bélxica",
    "Belize" : "Belize",
    "Benin" : "Benín",
    "Bermuda" : "Les Bermudes",
    "Bhutan" : "Bután",
    "Bosnia and Herzegovina" : "Bosnia y Herzegovina",
    "Botswana" : "Botsuana",
    "Bouvet Island" : "Islla Bouvet",
    "Brazil" : "Brasil",
    "Bulgaria" : "Bulgaria",
    "Burkina Faso" : "Burkina Fasu",
    "Burundi" : "Burundi",
    "Cabo Verde" : "Cabu Verde",
    "Cambodia" : "Camboya",
    "Cameroon" : "Camerún",
    "Canada" : "Canadá",
    "Cayman Islands" : "Islles Caimán",
    "Central African Republic" : "República Centroafricana",
    "Chad" : "Chad",
    "Chile" : "Chile",
    "China" : "China",
    "Christmas Island" : "Islla Christmas",
    "Cocos (Keeling) Islands" : "Islles Cocos (Keeling)",
    "Colombia" : "Colombia",
    "Congo" : "El Congu",
    "Costa Rica" : "Costa Rica",
    "Croatia" : "Croacia",
    "Cuba" : "Cuba",
    "Cyprus" : "Xipre",
    "Denmark" : "Dinamarca",
    "Djibouti" : "Xibuti",
    "Dominican Republic" : "República Dominicana",
    "Ecuador" : "Ecuador",
    "Egypt" : "Exiptu",
    "El Salvador" : "El Salvador",
    "Equatorial Guinea" : "Guinea Ecuatorial",
    "Eritrea" : "Eritrea",
    "Estonia" : "Estonia",
    "Ethiopia" : "Etiopía",
    "Faroe Islands" : "Islles Feroe",
    "Fiji" : "Islles Fixi",
    "Finland" : "Finlandia",
    "France" : "Francia",
    "French Guiana" : "Guyana Francesa",
    "French Polynesia" : "Polinesia Francesa",
    "Gabon" : "Gabón",
    "Gambia" : "Gambia",
    "Georgia" : "Xeorxa",
    "Germany" : "Alemaña",
    "Ghana" : "Ghana",
    "Gibraltar" : "Xibraltar",
    "Greece" : "Grecia",
    "Greenland" : "Groenlandia",
    "Grenada" : "Granada",
    "Guadeloupe" : "Guadalupe",
    "Guam" : "Guam",
    "Guatemala" : "Guatemala",
    "Guernsey" : "Guérnesei",
    "Guinea" : "Guinea",
    "Guinea-Bissau" : "Guinea-Bisáu",
    "Guyana" : "Guyana",
    "Haiti" : "Haití",
    "Heard Island and McDonald Islands" : "Islles Heard Island y McDonald",
    "Honduras" : "Hondures",
    "Hong Kong" : "Ḥong Kong",
    "Hungary" : "Hungría",
    "Iceland" : "Islandia",
    "India" : "India",
    "Indonesia" : "Indonesia",
    "Iraq" : "Iraq",
    "Ireland" : "Irlanda",
    "Isle of Man" : "Islla de Man",
    "Israel" : "Israel",
    "Italy" : "Italia",
    "Jamaica" : "Xamaica",
    "Japan" : "Xapón",
    "Jordan" : "Xordania",
    "Kazakhstan" : "Kazakstán",
    "Kenya" : "Kenia",
    "Kiribati" : "Kiribati",
    "Kuwait" : "Kuwait",
    "Kyrgyzstan" : "Kirguistán",
    "Latvia" : "Letonia",
    "Lebanon" : "El Líbanu",
    "Lesotho" : "Lesothu",
    "Liberia" : "Liberia",
    "Libya" : "Libia",
    "Liechtenstein" : "Liechtenstein",
    "Lithuania" : "Lituania",
    "Luxembourg" : "Luxemburgu",
    "Macao" : "Macáu",
    "Madagascar" : "Madagascar",
    "Malawi" : "Malaui",
    "Malaysia" : "Malasia",
    "Maldives" : "Maldives",
    "Mali" : "Malí",
    "Malta" : "Malta",
    "Marshall Islands" : "Islles Márxal",
    "Mauritania" : "Mauritania",
    "Mauritius" : "Mauriciu",
    "Mayotte" : "Mayotte",
    "Mexico" : "Méxicu",
    "Monaco" : "Mónacu",
    "Mongolia" : "Mongolia",
    "Montenegro" : "Montenegru",
    "Montserrat" : "Montserrat",
    "Morocco" : "Marruecos",
    "Mozambique" : "Mozambique",
    "Myanmar" : "Myanmar",
    "Namibia" : "Namibia",
    "Nauru" : "Nauru",
    "Nepal" : "Nepal",
    "Netherlands" : "Holanda",
    "New Caledonia" : "Nueva Caledonia",
    "New Zealand" : "Nueva Zelanda",
    "Nicaragua" : "Nicaragua",
    "Niger" : "Níxer",
    "Nigeria" : "Nixeria",
    "Niue" : "Niue",
    "Norfolk Island" : "Islla Norfolk",
    "Northern Mariana Islands" : "Islles Marianes del Norte",
    "Norway" : "Noruega",
    "Oman" : "Omán",
    "Pakistan" : "Paquistán",
    "Palau" : "Paláu",
    "Panama" : "Panamá",
    "Papua New Guinea" : "Papua Nueva Guinea",
    "Paraguay" : "Paraguái",
    "Peru" : "Perú",
    "Philippines" : "Filipines",
    "Pitcairn" : "Pitcairn",
    "Poland" : "Polonia",
    "Portugal" : "Portugal",
    "Puerto Rico" : "Puertu Ricu",
    "Qatar" : "Qatar",
    "Réunion" : "Reunión",
    "Romania" : "Rumanía",
    "Rwanda" : "Ruanda",
    "Saint Helena, Ascension and Tristan da Cunha" : "Santa Lena",
    "Saint Kitts and Nevis" : "Saint Kitts y Nevis",
    "Saint Lucia" : "Santa Llucía",
    "Saint Pierre and Miquelon" : "Saint Pierre y Miquelón",
    "Saint Vincent and the Grenadines" : "San Vicente y Les Granadines",
    "Samoa" : "Samoa",
    "San Marino" : "San Marín",
    "Sao Tome and Principe" : "Santu Tomé y Príncipe",
    "Saudi Arabia" : "Arabia Saudita",
    "Senegal" : "Senegal",
    "Serbia" : "Serbia",
    "Seychelles" : "Seixeles",
    "Sierra Leone" : "Sierra Lleona",
    "Singapore" : "Singapur",
    "Slovakia" : "Eslovaquia",
    "Slovenia" : "Eslovenia",
    "Solomon Islands" : "Islles Salomón",
    "Somalia" : "Somalia",
    "South Africa" : "Sudáfrica",
    "South Georgia and the South Sandwich Islands" : "Islles Xeorxa del Sur y Sandwich del Sur",
    "South Sudan" : "Sudán del Sur",
    "Spain" : "España",
    "Sri Lanka" : "Sri Lanka",
    "Sudan" : "Sudán",
    "Suriname" : "Surinam",
    "Svalbard and Jan Mayen" : "Svalbard ya Islla Jan Mayen *",
    "Swaziland" : "Suazilandia",
    "Sweden" : "Suecia",
    "Switzerland" : "Suiza",
    "Taiwan" : "Taiwán",
    "Tajikistan" : "Taxiquistán",
    "Thailand" : "Tailandia",
    "Togo" : "Togu",
    "Tokelau" : "Tokeláu",
    "Tonga" : "Tonga",
    "Trinidad and Tobago" : "Trinidá y Tobagu",
    "Tunisia" : "Tunicia",
    "Turkey" : "Turquía",
    "Turkmenistan" : "Turkmenistán",
    "Turks and Caicos Islands" : "Islles Turques y Caicos",
    "Tuvalu" : "Tuvalu",
    "Uganda" : "Uganda",
    "Ukraine" : "Ucraína",
    "United Arab Emirates" : "Emiratos Árabes Xuníos",
    "Uruguay" : "Uruguái",
    "Uzbekistan" : "Uzbequistán",
    "Vanuatu" : "Vanuatu",
    "Virgin Islands (British)" : "Islles Vírxenes Britániques",
    "Virgin Islands (U.S.)" : "Islles Vírxenes Americanes",
    "Wallis and Futuna" : "Wallis y Futuna",
    "Yemen" : "Yeme",
    "Zambia" : "Zambia",
    "Zimbabwe" : "Zimbabue",
    "Aragonese" : "Aragonés",
    "Assamese" : "Asamés",
    "Czech" : "Chequia",
    "Loading …" : "Cargando…"
},"pluralForm" :"nplurals=2; plural=(n != 1);"
}