{ "translations": {
    "Afghanistan" : "Afganistan",
    "Åland Islands" : "Pulau Åland",
    "Albania" : "Albania",
    "Algeria" : "Algeria",
    "American Samoa" : "Samoa Amerika",
    "Andorra" : "Andorra",
    "Angola" : "Angola",
    "Anguilla" : "Anguilla",
    "Antarctica" : "Antartika",
    "Antigua and Barbuda" : "Antigua dan Barbuda",
    "Argentina" : "Argentina",
    "Armenia" : "Armenia",
    "Aruba" : "Aruba",
    "Australia" : "Australia",
    "Austria" : "Austria",
    "Azerbaijan" : "Azerbaijan",
    "Bahamas" : "Bahamas",
    "Bahrain" : "Bahrain",
    "Bangladesh" : "Bangladesh",
    "Barbados" : "Barbados",
    "Belarus" : "Belarus",
    "Belgium" : "Belgium",
    "Belize" : "Belize",
    "Benin" : "Benin",
    "Bermuda" : "Bermuda",
    "Bhutan" : "Bhutan",
    "Bonaire, Sint Eustatius and Saba" : "Bonaire, Sint Eustatius dan Saba",
    "Bosnia and Herzegovina" : "Bosnia dan Herzegovina",
    "Botswana" : "Botswana",
    "Bouvet Island" : "Bouvet Island",
    "Brazil" : "Brazil",
    "British Indian Ocean Territory" : "Wilayah Samudra Hindia Inggris",
    "Bulgaria" : "Bulgaria",
    "Burkina Faso" : "Burkina Faso",
    "Burundi" : "Burundi",
    "Cabo Verde" : "Cabo Verde",
    "Cambodia" : "Kambodia",
    "Cameroon" : "Cameroon",
    "Canada" : "Kanada",
    "Cayman Islands" : "Kepulauan Cayman",
    "Central African Republic" : "Republik Afrika Tengah",
    "Chad" : "Chad",
    "Chile" : "Chile",
    "China" : "Cina",
    "Christmas Island" : "Pulau Natal",
    "Cocos (Keeling) Islands" : "Pulau Cocos (Keeling)",
    "Colombia" : "Colombia",
    "Congo" : "Congo",
    "Cook Islands" : "Pulau Cook",
    "Costa Rica" : "Costa Rica",
    "Croatia" : "Kroatia",
    "Cuba" : "Cuba",
    "Curaçao" : "Curaçao",
    "Cyprus" : "Cyprus",
    "Denmark" : "Denmark",
    "Djibouti" : "Djibouti",
    "Dominican Republic" : "Republik Dominika",
    "Ecuador" : "Ekuador",
    "Egypt" : "Mesir",
    "El Salvador" : "El Salvador",
    "Equatorial Guinea" : "Guinea Khatulistiwa",
    "Eritrea" : "Eritrea",
    "Estonia" : "Estonia",
    "Ethiopia" : "Ethiopia",
    "Faroe Islands" : "Pulau Faroe",
    "Fiji" : "Fiji",
    "Finland" : "Finlandia",
    "France" : "Prancis",
    "French Guiana" : "Guyana Prancis",
    "French Polynesia" : "Polinesia Prancis",
    "Gabon" : "Gabon",
    "Gambia" : "Gambia",
    "Georgia" : "Georgia",
    "Germany" : "Jerman",
    "Ghana" : "Ghana",
    "Gibraltar" : "Gibraltar",
    "Greece" : "Yunani",
    "Greenland" : "Greenland",
    "Grenada" : "Grenada",
    "Guadeloupe" : "Guadeloupe",
    "Guam" : "Guam",
    "Guatemala" : "Guatemala",
    "Guernsey" : "Guernsey",
    "Guinea" : "Guinea",
    "Guinea-Bissau" : "Guinea-Bissau",
    "Guyana" : "Guyana",
    "Haiti" : "Haiti",
    "Heard Island and McDonald Islands" : "Pulau Heard dan Kepulauan McDonald",
    "Holy See" : "Holy See",
    "Honduras" : "Honduras",
    "Hong Kong" : "Hong Kong",
    "Hungary" : "Hungaria",
    "Iceland" : "Islandia",
    "India" : "India",
    "Indonesia" : "Indonesia",
    "Iraq" : "Irak",
    "Ireland" : "Irlandia",
    "Isle of Man" : "Isle of Man",
    "Israel" : "Israel",
    "Italy" : "Italia",
    "Jamaica" : "Jamaika",
    "Japan" : "Jepang",
    "Jordan" : "Jordan",
    "Kazakhstan" : "Kazakhstan",
    "Kenya" : "Kenya",
    "Kiribati" : "Kiribati",
    "Kuwait" : "Kuwait",
    "Kyrgyzstan" : "Kirgizstan",
    "Latvia" : "Latvia",
    "Lebanon" : "Lebanon",
    "Lesotho" : "Lesotho",
    "Liberia" : "Liberia",
    "Libya" : "Libya",
    "Liechtenstein" : "Liechtenstein",
    "Lithuania" : "Lithuania",
    "Luxembourg" : "Luksemburg",
    "Macao" : "Macao",
    "Madagascar" : "Madagascar",
    "Malawi" : "Malawi",
    "Malaysia" : "Malaysia",
    "Maldives" : "Maldives",
    "Mali" : "Mali",
    "Malta" : "Malta",
    "Marshall Islands" : "Kepulauan Marshall",
    "Mauritania" : "Mauritania",
    "Mauritius" : "Mauritius",
    "Mayotte" : "Mayotte",
    "Mexico" : "Meksiko",
    "Monaco" : "Monako",
    "Mongolia" : "Mongolia",
    "Montenegro" : "Montenegro",
    "Montserrat" : "Montserrat",
    "Morocco" : "Maroko",
    "Mozambique" : "Mozambik",
    "Myanmar" : "Myanmar",
    "Namibia" : "Namibia",
    "Nauru" : "Nauru",
    "Nepal" : "Nepal",
    "Netherlands" : "Belanda",
    "New Caledonia" : "Kaledonia Baru",
    "New Zealand" : "Selandia Baru",
    "Nicaragua" : "Nikaragua",
    "Niger" : "Niger",
    "Nigeria" : "Nigeria",
    "Niue" : "Niue",
    "Norfolk Island" : "Kepulauan Norfolk",
    "Northern Mariana Islands" : "Kepulauan Mariana Utara",
    "Norway" : "Norwegia",
    "Oman" : "Oman",
    "Pakistan" : "Pakistan",
    "Palau" : "Palau",
    "Panama" : "Panama",
    "Papua New Guinea" : "Papua Nugini",
    "Paraguay" : "Paraguay",
    "Peru" : "Peru",
    "Philippines" : "Filipina",
    "Pitcairn" : "Pitcairn",
    "Poland" : "Polandia",
    "Portugal" : "Portugis",
    "Puerto Rico" : "Puerto Rico",
    "Qatar" : "Qatar",
    "Réunion" : "Réunion",
    "Romania" : "Romania",
    "Rwanda" : "Rwanda",
    "Saint Barthélemy" : "Saint Barthelemy",
    "Saint Helena, Ascension and Tristan da Cunha" : "Saint Helena, Ascension dan Tristan da Cunha",
    "Saint Kitts and Nevis" : "Saint Kitts dan Nevis",
    "Saint Lucia" : "Saint Lucia",
    "Saint Pierre and Miquelon" : "Saint Pierre dan Miquelon",
    "Saint Vincent and the Grenadines" : "Saint Vincent dan Grenadine",
    "Samoa" : "Samoa",
    "San Marino" : "San Marino",
    "Sao Tome and Principe" : "Sao Tome dan Principe",
    "Saudi Arabia" : "Arab Saudi",
    "Senegal" : "Senegal",
    "Serbia" : "Serbia",
    "Seychelles" : "Seychelles",
    "Sierra Leone" : "Sierra Leone",
    "Singapore" : "Singapora",
    "Slovakia" : "Slovakia",
    "Slovenia" : "Slovenia",
    "Solomon Islands" : "Kepulauan Solomon",
    "Somalia" : "Somalia",
    "South Africa" : "Afrika Selatan",
    "South Georgia and the South Sandwich Islands" : "Georgia Selatan dan Kepulauan Sandwich Selatan",
    "South Sudan" : "Sudan Selatan",
    "Spain" : "Spanyol",
    "Sri Lanka" : "Sri Lanka",
    "Sudan" : "Sudan",
    "Suriname" : "Suriname",
    "Svalbard and Jan Mayen" : "Svalbard dan Jan Mayen",
    "Swaziland" : "Swaziland",
    "Sweden" : "Swedia",
    "Switzerland" : "Swiss",
    "Taiwan" : "Taiwan",
    "Tajikistan" : "Tajikistan",
    "Thailand" : "Thailand",
    "Timor-Leste" : "Timor Leste",
    "Togo" : "Togo",
    "Tokelau" : "Tokelau",
    "Tonga" : "Tonga",
    "Trinidad and Tobago" : "Trinidad dan Tobago",
    "Tunisia" : "Tunisia",
    "Turkey" : "Turki",
    "Turkmenistan" : "Turkmenistan",
    "Turks and Caicos Islands" : "Kepulauan Turks dan Caicos",
    "Tuvalu" : "Tuvalu",
    "Uganda" : "Uganda",
    "Ukraine" : "Ukraina",
    "United Arab Emirates" : "Uni Emirat Arab",
    "United States Minor Outlying Islands" : "Pulau Kecil Terluar Amerika Serikat",
    "Uruguay" : "Uruguay",
    "Uzbekistan" : "Uzbekistan",
    "Vanuatu" : "Vanuatu",
    "Virgin Islands (British)" : "Kepulauan Virgin (Inggris)",
    "Virgin Islands (U.S.)" : "Kepulauan Virgin (AS)",
    "Wallis and Futuna" : "Wallis dan Futuna",
    "Yemen" : "Yemen",
    "Zambia" : "Zambia",
    "Zimbabwe" : "Zimbabwe",
    "Afrikaans" : "Afrika",
    "Czech" : "Czech",
    "English" : "Inggris",
    "Indonesian" : "Bahasa Indonesia",
    "Icelandic" : "Islandia",
    "Japanese" : "Jepang",
    "Malay" : "Melayu",
    "Portuguese" : "Portugis",
    "Russian" : "Rusia",
    "Swedish" : "Swedia",
    "Turkish" : "Turki",
    "Ukrainian" : "Ukraina",
    "Terms of service" : "Ketentuan layanan"
},"pluralForm" :"nplurals=1; plural=0;"
}